{
  "ratio_steps": 24,
  "mean_cos_sim": [
    0.5387875928461552,
    0.5757109475195408,
    0.6280558442831039,
    0.6503660505056381,
    0.6770100155353546,
    0.6925295929789543,
    0.7060239603936672,
    0.7225555109024048,
    0.7350093025445938,
    0.7478868108451366,
    0.7647905623495579,
    0.779907968956232,
    0.788429843556881,
    0.8113338208734989,
    0.8257861649155617,
    0.8401667708933354,
    0.8572810580313206,
    0.8698241252124309,
    0.8846156628549099,
    0.9003904723405838,
    0.920687436503172,
    0.9459774956464767,
    0.9609238916099071,
    0.999999997907877
  ],
  "std_cos_sim": [
    0.026495492555578065,
    0.026541717721465168,
    0.027354982184310407,
    0.027623286177713844,
    0.025128964620103608,
    0.023944369328650857,
    0.02366938728016561,
    0.02325592584006192,
    0.022963789552855125,
    0.022512182084724497,
    0.021837184294697127,
    0.02089289816963465,
    0.019948250098912473,
    0.01751014268716092,
    0.017139553336681213,
    0.015534565443991125,
    0.01438718703000884,
    0.013866115730342765,
    0.012427487873591624,
    0.012217781907951166,
    0.010289417017095497,
    0.008608373938006337,
    0.006940903244956234,
    1.0969196476793599e-08
  ],
  "min_across_images": [
    0.45473870635032654,
    0.4758818447589874,
    0.5207652449607849,
    0.5332927107810974,
    0.5648544430732727,
    0.5729628205299377,
    0.6070628762245178,
    0.6241534948348999,
    0.64058518409729,
    0.646835446357727,
    0.6721848845481873,
    0.6835472583770752,
    0.7040382623672485,
    0.7324759364128113,
    0.7408939003944397,
    0.7603839039802551,
    0.7856343984603882,
    0.8020397424697876,
    0.8256142139434814,
    0.8468275666236877,
    0.8709335923194885,
    0.8894426226615906,
    0.921022891998291,
    0.9999999403953552
  ],
  "max_across_images": [
    0.7576735615730286,
    0.7665678262710571,
    0.773323655128479,
    0.7815415859222412,
    0.8004297018051147,
    0.8045626878738403,
    0.81348717212677,
    0.8231520652770996,
    0.8328315615653992,
    0.8387200236320496,
    0.8458208441734314,
    0.8576982021331787,
    0.8624147176742554,
    0.8772934079170227,
    0.8858016133308411,
    0.892888069152832,
    0.9043816924095154,
    0.9097727537155151,
    0.9226691722869873,
    0.9401345252990723,
    0.9494276642799377,
    0.9701998829841614,
    0.988274097442627,
    1.0
  ],
  "_meta": {
    "num_images": 10000,
    "seed": 7,
    "stage_a_ratio_index": 11,
    "min_pixels": 200704,
    "max_pixels": 1806336,
    "model_path": "/home/jk/models/qwen2.5-vl-7b"
  }
}