{
  "k_values": [
    1,
    2,
    3,
    4,
    5,
    6,
    7,
    8,
    9,
    10,
    11,
    12,
    13,
    14,
    15,
    16,
    17,
    18,
    19,
    20,
    21,
    22,
    23,
    24
  ],
  "mean_cos_sim": [
    0.5310986112892627,
    0.5614861974537373,
    0.6055095078736543,
    0.6297105420827865,
    0.6520556294143199,
    0.6699614421665668,
    0.6884427244722843,
    0.704190125143528,
    0.720188214546442,
    0.7349132952809334,
    0.749956496322155,
    0.7646884392321109,
    0.7797735109746456,
    0.7947520697236061,
    0.8102916747033596,
    0.82622570104599,
    0.8428681273877621,
    0.8600594435572624,
    0.8781553079605102,
    0.8971048880755901,
    0.9176037481248379,
    0.9403570169448853,
    0.9674328437864781,
    1.0
  ],
  "std_cos_sim": [
    0.04079783345605405,
    0.0386141799285357,
    0.03686720895529473,
    0.03592772391707663,
    0.03471843705103805,
    0.03344280409087604,
    0.0327088743280803,
    0.03144499892856999,
    0.030353752823272864,
    0.028892570496574663,
    0.027504078902425812,
    0.026001206889102537,
    0.024533831734619906,
    0.022980007057761133,
    0.02151182794176315,
    0.019909855675876314,
    0.018356698001124133,
    0.01669271795237093,
    0.014958689430759578,
    0.013095171082266138,
    0.01092866317749177,
    0.008414775447127635,
    0.005593026991245248,
    0.0
  ],
  "min_across_images": [
    0.4070329964160919,
    0.4417828619480133,
    0.47429487109184265,
    0.5042436718940735,
    0.5324670076370239,
    0.5547152757644653,
    0.5747720003128052,
    0.5896508097648621,
    0.6033726930618286,
    0.6218041181564331,
    0.6446097493171692,
    0.665944516658783,
    0.6845499873161316,
    0.7046311497688293,
    0.7245132923126221,
    0.7452157139778137,
    0.7668768763542175,
    0.7879853248596191,
    0.8110196590423584,
    0.8375361561775208,
    0.8679754137992859,
    0.9006710052490234,
    0.9399805068969727,
    1.0
  ],
  "max_across_images": [
    0.7805651426315308,
    0.7870128750801086,
    0.7946286797523499,
    0.801912784576416,
    0.8127808570861816,
    0.8204988241195679,
    0.8346930146217346,
    0.8403324484825134,
    0.8517218828201294,
    0.8571340441703796,
    0.8683503270149231,
    0.8739307522773743,
    0.8811123967170715,
    0.8906593322753906,
    0.9012466073036194,
    0.9075287580490112,
    0.9184514284133911,
    0.9271723628044128,
    0.9352158308029175,
    0.9474123120307922,
    0.9598739743232727,
    0.9747794270515442,
    0.9848507046699524,
    1.0
  ],
  "_meta": {
    "num_images": 10000,
    "seed": 7,
    "stage_a_k": 12,
    "grid_h": 24,
    "grid_w": 24,
    "select_layer": -2
  }
}